part_id,sequence,predicted_activity,true_activity,plate_reader_biological_replicate_1,plate_reader_biological_replicate_2,plate_reader_biological_replicate_3,plate_reader_average
DBP-RBS-B8E2CD,CGATAACGAGAGGAG,0.932692,1.347817,1.374862838,1.355240525,1.313347216,1.34781686
DBP-RBS-1F4CC0,AACGTACAAGAGGAG,1.005642,1.306944,1.322262048,1.298205073,1.300363597,1.306943573
DBP-RBS-54D0BA,ACCGAACAGGAGGAT,1.06098,1.290642,1.334895479,1.281461746,1.255569084,1.290642103
DBP-RBS-28F5B2,TAAACGACAGAGGAG,0.844609,1.286893,1.165241783,1.355655637,1.339781826,1.286893082
DBP-RBS-E0C966,TCAAGAAAAGAGGAG,1.069906,1.257548,1.23070303,1.229924704,1.312015927,1.257547887
DBP-RBS-4A2F2B,AATAGCAAAGAGGAG,0.891742,1.223679,1.204266525,1.210078126,1.256691166,1.223678606
DBP-RBS-1A67D2,TAATAGCAAGAGGAG,0.910004,1.214736,1.296500768,1.311443933,1.036262732,1.214735811
DBP-RBS-6C6E87,TAGGTGTAGGAGGAT,1.124046,1.213337,1.209001501,1.208843266,1.222167295,1.213337354
DBP-RBS-B6F5AA,TACGATTGAGGAGAA,0.914008,1.20069,1.206618936,1.1910395,1.204411971,1.200690135
DBP-RBS-8D0CFB,AAGAACCAAGAGGAG,0.95482,1.191053,1.065903566,1.228821912,1.278432924,1.1910528
DBP-RBS-76B51C,TAGCTTTAGGAGGAG,0.962992,1.177701,1.188346748,1.172747993,1.172006767,1.177700503
DBP-RBS-BECE93,TAGAAAAGCGAGGAG,0.888782,1.177223,1.118457777,1.270228592,1.142982419,1.177222929
DBP-RBS-687EA4,TTAGATGAGGAGGAG,0.973224,1.176317,1.160802721,1.078327751,1.289820206,1.176316893
DBP-RBS-E1BAE3,CTTATGAAGGAGGAT,0.902614,1.17523,1.204594889,1.184920973,1.136174312,1.175230058
DBP-RBS-0A0C96,ATTGAAGAAGAGGAG,0.825756,1.159624,1.129056135,1.156697981,1.193116619,1.159623578
DBP-RBS-18C693,AATACAGAGGAGGAG,0.941317,1.159171,1.132625943,1.212752025,1.132135937,1.159171302
DBP-RBS-9994EE,TAGAAACAGGAGGAG,1.026347,1.144643,1.133979685,1.163480787,1.136469078,1.144643183
DBP-RBS-191EAB,ATTGAGAAGAGGAGA,0.805214,1.142647,0.98846411,1.18033657,1.259139503,1.142646728
DBP-RBS-00B741,CTAGCGTAGGAGGAC,0.922857,1.119009,1.135081968,1.10659251,1.115352009,1.119008829
DBP-RBS-9F67BC,ATCTACGAGGAGGGG,0.883536,1.116093,1.107062644,1.115914201,1.125303272,1.116093372
DBP-RBS-8C606A,ACAACATAGGAGGAG,0.777963,1.100145,1.119142493,1.092513428,1.088780316,1.100145412
DBP-RBS-B408CD,TTAGACTAAGAGGAG,1.126013,1.077317,1.05464471,1.075020898,1.10228459,1.077316732
DBP-RBS-6C74BF,TTCAGTAAAGAGGAG,0.844111,1.069932,1.026086033,1.078219521,1.105491191,1.069932249
DBP-RBS-C4294C,CGAGCGAGAGGAGAA,1.006263,1.066871,1.047037938,1.065564123,1.088011875,1.066871312
DBP-RBS-8B23D2,TAGTTGAGAGGAGAA,0.911754,1.063762,1.072021638,1.073560292,1.045705354,1.063762428
DBP-RBS-C27D05,TATAACCGAGGAGAA,0.866177,1.062718,1.028739054,1.057904539,1.101510204,1.062717932
DBP-RBS-3D85CD,ATTGAGAAGGAGATT,0.803111,1.052635,1.058412422,1.044345293,1.055148754,1.05263549
DBP-RBS-F71D27,TAACTAATAGGAGAT,1.22717,1.050025,1.129116043,0.950005067,1.07095261,1.050024573
DBP-RBS-6A966A,TACATATTAGAGGAG,1.038147,1.046264,1.053748731,1.014678187,1.070363777,1.046263565
DBP-RBS-902251,TTAAGTTAGGAGGTT,1.15353,1.036551,1.058224058,1.013486054,1.037943642,1.036551251
DBP-RBS-C51E4A,TGTATTTGAGGAGAA,1.230337,1.034028,1.01254334,1.037453073,1.052086993,1.034027802
DBP-RBS-4A04E7,CATTGTTAAGAGGAG,0.761016,1.027617,1.019685489,1.023457932,1.03970727,1.027616897
DBP-RBS-D94F84,ATTGCTAGAGAGGAG,0.768245,1.019424,1.014050487,1.133393582,0.910827103,1.019423724
DBP-RBS-E22A47,AAGTGTAATGAGGAG,0.87604,1.017251,0.960182081,1.025242695,1.066328438,1.017251072
DBP-RBS-78E1E8,ATTGAAGGAGAGTGT,0.792865,1.012103,1.004140705,1.007048109,1.025121287,1.012103367
DBP-RBS-E5DD9A,AAGTTATGAGGAGCA,0.79303,1.011285,0.918399355,1.098466395,1.016988617,1.011284789
DBP-RBS-F1325A,ATGAATCAAGAGGAG,0.789285,1.00453,0.974561612,1.034824458,1.0042043,1.004530123
DBP-RBS-6B346D,AAAGAATGAGAGGAT,0.838704,1.004102,0.985941084,1.002642785,1.023721215,1.004101695
DBP-RBS-6747A3,ATTGAAGAGAGAGGA,0.757505,0.989114,1.089857875,0.94930677,0.928178616,0.98911442
DBP-RBS-3E7C4F,TATCCTTAGGAGGTT,1.064473,0.986511,1.1045499,0.951516529,0.903467623,0.986511351
DBP-RBS-167764,ATTGAGTAAGGAGAT,0.810906,0.982923,0.969653526,0.970122523,1.008993634,0.982923228
DBP-RBS-44F102,ATTGAGAGAGGAGGT,0.727148,0.972013,0.966514524,0.963285791,0.986239419,0.972013245
DBP-RBS-B15347,ACAGGAGATTAGGAG,0.765579,0.939759,0.959174714,0.936209286,0.923891618,0.939758539
DBP-RBS-211EE5,ACAGGAGAATGAAAA,0.846145,0.937334,0.941989079,0.927490209,0.942521436,0.937333574
DBP-RBS-C53275,AACTTGACAGGAGAC,0.832793,0.931577,0.898567756,0.905751864,0.99041081,0.93157681
DBP-RBS-ED729D,AAACACCGAGAGGAG,0.687448,0.929713,0.931944372,0.909043462,0.948151352,0.929713062
DBP-RBS-6A99C3,ATTGAGGAGGAGATT,0.904696,0.927193,1.003799612,0.911105259,0.866673108,0.92719266
DBP-RBS-3378E7,CTATGACAAGAGGAG,1.094866,0.925929,0.954546362,0.856941908,0.966298154,0.925928808
DBP-RBS-4B4B00,ATTGAGAAGAAGGAG,0.745989,0.922942,0.911217363,0.931601983,0.926007448,0.922942265
DBP-RBS-36911C,TGTTGATAAGAGGAG,1.033484,0.91653,0.913048117,0.902725915,0.933817084,0.916530372
DBP-RBS-0AB18D,AAGTAATCAGAGGAG,0.82962,0.908756,0.934863355,0.960148248,0.831257701,0.908756435
DBP-RBS-8E45F6,CTACATTAAGAGGAG,0.769512,0.904809,0.873070494,0.894156977,0.947198443,0.904808638
DBP-RBS-C4C048,ATATGCGAAGAGGAG,1.122858,0.899463,0.910203168,0.890484411,0.897700354,0.899462644
DBP-RBS-39E0EA,ATTGAAGGGGAGAAG,0.777912,0.891043,0.85807657,0.888301367,0.926752606,0.891043514
DBP-RBS-D92299,TTCAATAGAGAGGAG,0.878497,0.887838,0.982821861,0.843234529,0.837457714,0.887838034
DBP-RBS-247ACA,ATAGAACAAGAGGAA,0.864757,0.885445,0.866124963,0.951226203,0.838984325,0.885445164
DBP-RBS-088F71,ATTGAGATGGGGAGA,0.766841,0.884682,0.890878449,0.885933194,0.877235113,0.884682252
DBP-RBS-4F99ED,TGAATGAAGGAGGTA,1.021668,0.870428,0.941355425,0.83953087,0.830398637,0.87042831
DBP-RBS-586E5D,AAATTTTCAGAGGAG,0.920346,0.866829,0.728536486,0.90163044,0.970319345,0.866828757
DBP-RBS-042B34,ACAGCATAAGGAGAA,0.759924,0.842409,0.844880214,0.837528591,0.844818717,0.842409174
DBP-RBS-C3966A,TTCTATGAGGAGGTT,1.102615,0.841254,0.895765163,0.776475474,0.851521245,0.841253961
DBP-RBS-8DCB8E,CTACTTCGAGAGGAT,0.767326,0.840942,0.856539451,0.855673926,0.810613605,0.840942327
DBP-RBS-EC13E9,TTTTTCACTGAGGAG,0.927713,0.840312,0.817472123,0.79634249,0.90712243,0.840312348
DBP-RBS-4EA4F4,TTTACAGAAGAGGAA,0.85454,0.840174,0.78596245,0.787425188,0.947133114,0.840173584
DBP-RBS-949F9F,TACAAACTAGAGGAG,1.016477,0.839503,0.910812885,0.89150436,0.716192093,0.839503113
DBP-RBS-306775,AGTCAATTAGGAGAT,1.027848,0.836176,0.824552197,0.838145088,0.845829346,0.836175544
DBP-RBS-8D7BB6,ACGAATCACGAGGAA,0.768328,0.831861,0.827238438,0.85156969,0.816775697,0.831861275
DBP-RBS-A75FF3,ATTGAGATGAAGGAG,0.61331,0.82951,0.847966561,0.813583741,0.826978418,0.829509573
DBP-RBS-9030AA,AGAAGGAGGAGAAGA,0.670373,0.825566,0.826774854,0.794945904,0.854975869,0.825565542
DBP-RBS-5B3FAA,CTTACGAGAGAGGAG,0.970664,0.814578,0.692485038,0.768165854,0.983083609,0.814578167
DBP-RBS-7DAD84,ATTGAAGAGTGGAGT,0.911216,0.812638,0.820256305,0.819524887,0.79813182,0.812637671
DBP-RBS-49CE7D,ATTGAGAGTGAGGAG,0.657236,0.809807,0.794524674,0.807118772,0.827776699,0.809806715
DBP-RBS-AB93DF,ATTGAGAAGTGGAGT,0.669774,0.804395,0.79546682,0.788028408,0.829689809,0.804395012
DBP-RBS-103F7D,CCGACTGAGGGGGAT,0.629539,0.79499,0.771517752,0.79578924,0.817664173,0.794990388
DBP-RBS-D79A34,ATATCCAGAGGGGAA,0.623203,0.784367,0.848770199,0.754525593,0.749804527,0.784366773
DBP-RBS-28ADD5,AAGAACCTAGAGGAG,0.884004,0.783052,0.812053612,0.755333404,0.781768084,0.7830517
DBP-RBS-36A950,ATTGAGGAAGAAGGT,0.608486,0.778208,0.775990783,0.782498321,0.776135583,0.778208229
DBP-RBS-574B58,TGTGTAATAGAGGAA,0.619033,0.777997,0.764772984,0.775033307,0.794184295,0.777996862
DBP-RBS-6A2275,CATGGTGAGGAGGGT,0.888811,0.776415,0.786532749,0.747878732,0.794833733,0.776415072
DBP-RBS-9D6F7E,CGAGATCAGGAGGAA,0.953989,0.766943,0.752575539,0.767479415,0.78077295,0.766942635
DBP-RBS-1B3EEC,TGAAGGAGGAAAGAG,0.634133,0.765101,0.837550562,0.742669977,0.715082828,0.765101122
DBP-RBS-F58E00,TATGATAAGGAGGAG,0.941512,0.747845,0.748432842,0.756094935,0.739007772,0.747845183
DBP-RBS-0D9FFC,TGTCATTTGGGGGAT,0.622303,0.733216,0.764064122,0.752617328,0.682967308,0.733216253
DBP-RBS-6E805B,ACAGGAGAAGGTGTA,0.689198,0.730994,0.705361427,0.732742047,0.754877374,0.730993616
DBP-RBS-F4F068,ATTAAAGAGGAGGAA,0.92998,0.719306,0.719740928,0.668727817,0.769448958,0.719305901
DBP-RBS-B95D56,CCAACGCAGGAGGAG,0.617134,0.715594,0.657793588,1.044550149,0.444439116,0.715594284
DBP-RBS-A8F8A8,TAATGGACATAGGAG,0.722173,0.715096,0.832559865,0.709931966,0.602797276,0.715096369
DBP-RBS-F72ED4,AAGGACATAGAGGAG,0.864641,0.714363,0.718088116,0.717362883,0.7076385,0.714363166
DBP-RBS-91B187,TGGTGAGGGAGGAGA,0.668774,0.704968,0.691091708,0.720223974,0.703589145,0.704968275
DBP-RBS-E58F7D,TGAAGGAGGGGGAGA,0.576641,0.697416,0.774051385,0.671905015,0.64629174,0.697416047
DBP-RBS-F8D4AE,TACCACAAAGAGGAT,0.848736,0.69738,0.678605979,0.68914012,0.724392983,0.697379694
DBP-RBS-870DBE,ATGACAAAAGGAGAA,0.742981,0.694592,0.713461026,0.682173009,0.688140456,0.694591497
DBP-RBS-4D2EAB,AGGAGAGGAGGAGGT,0.614042,0.686499,0.673863964,0.691661875,0.69397158,0.68649914
DBP-RBS-A50E99,CTTGTTATAGGAGAC,0.889158,0.682012,0.689151826,0.687436049,0.669448485,0.68201212
DBP-RBS-DAEC1A,TATATTTCAGGAGAT,0.753334,0.670834,0.659651327,0.677088657,0.675762499,0.670834161
DBP-RBS-D9670D,ATCTGCGAGGAGGAT,0.916817,0.664977,0.727906771,0.418576795,0.848447172,0.664976913
DBP-RBS-CA2212,CTTATGAAAGAGGAG,0.919758,0.657363,0.685515502,0.660015274,0.626557531,0.657362769
DBP-RBS-24C984,ACAGGAGAAGAGGAT,0.801194,0.647216,0.637138688,0.640143526,0.664365612,0.647215942
DBP-RBS-E82B52,ACAGGAGACGAGAAA,0.626551,0.645648,0.6270888,0.645542506,0.664313499,0.645648268
DBP-RBS-857B51,TATATCTTAGGAGAT,0.802454,0.638776,0.637895803,0.648243811,0.630187568,0.638775727
DBP-RBS-B57852,CTAGATGGAGAGGAT,0.817183,0.630048,0.633746184,0.637292512,0.619105661,0.630048119
DBP-RBS-C7D951,CTGGCTTAAGAGGAG,0.850889,0.628508,0.640040483,0.624856166,0.620626829,0.628507826
DBP-RBS-11C50C,TATTAACTAGAGGAA,0.841179,0.628494,0.634533613,0.629556737,0.621392133,0.628494161
DBP-RBS-602BFD,TTTGTTTTAGGAGAT,0.763326,0.623414,0.633358732,0.60330468,0.633578577,0.623413996
DBP-RBS-4E4890,AACTGTCGATGGGAG,0.677327,0.617915,0.58754428,0.618061611,0.648139735,0.617915209
DBP-RBS-1DE591,TGTGACGAAGAGGAG,0.606068,0.610449,0.612929476,0.606082051,0.61233497,0.610448832
DBP-RBS-ED0BDA,ATTGAGGAAGGAAGT,0.702266,0.609961,0.610526842,0.60687844,0.612477821,0.609961034
DBP-RBS-C6DD0D,AGTACCACGGGGGAG,0.545061,0.606825,0.632554439,0.592593438,0.595328421,0.606825432
DBP-RBS-04D5B0,CACTGGGGAGAGGAG,0.647055,0.603016,0.601521699,0.600230755,0.607295701,0.603016052
DBP-RBS-FEAEAD,CAGTTGACAGAGGAT,0.428533,0.602331,0.609490659,0.595647574,0.601854871,0.602331035
DBP-RBS-AA63F5,TGGTCGCCCGAGGAG,0.567908,0.598114,0.597871862,0.587865231,0.608606198,0.59811443
DBP-RBS-6CAC73,TCTAACTTACAGGAG,0.699197,0.595365,0.556528145,0.634403533,0.595164591,0.595365423
DBP-RBS-954C3D,TGAAGGAGAGGAGAG,0.599695,0.593754,0.591592295,0.598083137,0.591587847,0.593754426
DBP-RBS-B824B4,ATTGAGGAGGGAGAT,0.649209,0.589511,0.578738373,0.588615046,0.60117866,0.589510693
DBP-RBS-55DB54,TGAAGGAAGGGGAGT,0.629487,0.580048,0.615636601,0.568598341,0.55591005,0.580048331
DBP-RBS-0A2DC4,AATTAAATACTGGAG,0.618654,0.574993,0.571955693,0.57350583,0.579517182,0.574992902
DBP-RBS-EA4AC7,TATAAATTATTGGAG,0.675328,0.573746,0.561968688,0.589742555,0.56952541,0.573745551
DBP-RBS-14D87F,CAGGAAAGAGAGGAA,0.651281,0.556854,0.482764738,0.4970439,0.690753779,0.556854139
DBP-RBS-3DC9E9,TATGCGTTAGGGGAG,0.652841,0.551909,0.542769874,0.561971962,0.55098611,0.551909315
DBP-RBS-FBC32C,ATTTACTCAGAGGAT,0.687546,0.535902,0.592948831,0.554881658,0.459874574,0.535901688
DBP-RBS-247155,CAAAAGTCAGAGGAG,0.693793,0.53247,0.613658497,0.503252926,0.480499289,0.532470237
DBP-RBS-A8E5F7,CCTTAAGGAGGGGAG,0.481397,0.523675,0.552083236,0.500156251,0.518785465,0.523674984
DBP-RBS-A1DD36,AGACTACTGTTGGAG,0.628079,0.523583,0.513133029,0.530156904,0.527458473,0.523582802
DBP-RBS-1C5147,TTAATTGAAGAGGAG,0.783791,0.519251,0.51476799,0.521439903,0.521546057,0.519251317
DBP-RBS-3212E2,ATTACTATAGAGGAT,0.779661,0.518915,0.51074648,0.517242716,0.528754453,0.51891455
DBP-RBS-2AC951,TGATGTAAAGGAGAT,0.546585,0.517214,0.519786517,0.506197572,0.52565838,0.517214156
DBP-RBS-FB29FE,AGGAAGGGGAAGAGA,0.433869,0.516059,0.510579282,0.518131242,0.519467639,0.516059388
DBP-RBS-4FF69D,TTCTGACTTGAGGAG,0.655538,0.515933,0.534897152,0.5176272,0.495274581,0.515932978
DBP-RBS-6D0BBD,ATATGCTTAGAGGAC,0.712966,0.511109,0.496660126,0.497176758,0.539488634,0.511108506
DBP-RBS-2223AE,TGGTAAATAGGGGAG,0.699641,0.50777,0.522666484,0.503599936,0.497042513,0.507769644
DBP-RBS-5856E4,AGCGAGGAAGAAGAG,0.362994,0.506979,0.528714076,0.487163456,0.505058366,0.506978633
DBP-RBS-B0636B,ACTTCTGTAGGAGAT,0.635364,0.499176,0.49759307,0.516903567,0.48303242,0.499176352
DBP-RBS-25E46C,TTATCAATGGTGGGT,0.502016,0.491077,0.461792865,0.463431312,0.548007942,0.491077373
DBP-RBS-6D17D9,ATAGATGAAGAGGAT,0.693952,0.490203,0.45986023,0.528630897,0.482117601,0.490202909
DBP-RBS-3B6ACC,ATTGAGGAGGTGTGA,0.603845,0.490119,0.506367905,0.487446712,0.476542065,0.490118894
DBP-RBS-616CD5,TTGATCTGTGTGGAG,0.511946,0.482602,0.495490101,0.475590063,0.476724695,0.48260162
DBP-RBS-070CE8,AAGGAGAGAGAGAAA,0.6361,0.479272,0.478712246,0.479446595,0.47965739,0.479272077
DBP-RBS-379626,ATTGAAGGAGGTGAG,0.761743,0.479261,0.478624393,0.487420292,0.47173958,0.479261422
DBP-RBS-A317DE,ATTGAGGGAGAAGGA,0.581463,0.478059,0.481517607,0.467193056,0.485465715,0.478058793
DBP-RBS-1C14B6,ACAGGAGAAACTCAC,0.752143,0.477411,0.471428811,0.477676132,0.483126998,0.477410647
DBP-RBS-50FA2F,AAGGAGCACGAGGAG,0.779303,0.476556,0.475684633,0.473220597,0.480763063,0.476556098
DBP-RBS-77F3E9,ACAGGAGAACAGTTA,0.678954,0.46606,0.461294246,0.461248053,0.475637181,0.466059827
DBP-RBS-F59520,TGGGGAGGGAGAAGA,0.421455,0.463001,0.447870903,0.477161784,0.463969894,0.463000861
DBP-RBS-D1C1F8,TAGGAAACAGGAGAG,0.434063,0.459334,0.479325138,0.45297049,0.445704959,0.459333529
DBP-RBS-07CE4A,GAATTTCAAGAGGAG,0.547379,0.452765,0.471211216,0.455260368,0.431822632,0.452764738
DBP-RBS-F76272,GGGTTATAGGAGGAG,0.586204,0.446906,0.412559105,0.515027541,0.413132572,0.446906406
DBP-RBS-86C02A,AGGAGAAGGGAGAGA,0.581082,0.445277,0.453016142,0.439713103,0.443102671,0.445277305
DBP-RBS-825AF4,ACATAGTTAACGGAG,0.589155,0.439776,0.450571704,0.43276484,0.435992428,0.439776324
DBP-RBS-F05B88,CTGAAGCTGGGGGAG,0.451909,0.436535,0.427796165,0.400992594,0.480815084,0.436534614
DBP-RBS-E67DB0,TCTGACTCAGAGGAG,0.56819,0.428809,0.421837965,0.414060787,0.450529122,0.428809291
DBP-RBS-CA522A,CAGTGGTTAGAGGAA,0.502888,0.428504,0.447643278,0.422846236,0.415022327,0.428503947
DBP-RBS-D96665,ATTGAGAGGGAGAAG,0.635958,0.423656,0.411429236,0.418272921,0.441265075,0.423655744
DBP-RBS-635A27,GGCATAGAAGAGGAT,0.423191,0.416786,0.388882419,0.467704275,0.39377112,0.416785938
DBP-RBS-E26EA7,TGTACTCAGGAGGGA,0.549212,0.405545,0.412926336,0.385297276,0.418412393,0.405545335
DBP-RBS-E830FD,AGGAGAAGGAGAGAT,0.626917,0.395844,0.40353955,0.394571849,0.389419334,0.395843578
DBP-RBS-1CD725,ATTGAGAGGTGGAGT,0.540815,0.382166,0.387569716,0.379649026,0.379279242,0.382165995
DBP-RBS-13EEC6,GGGTATAGAGGGGAA,0.385152,0.370858,0.396436732,0.377329016,0.338807015,0.370857587
DBP-RBS-C4B202,CCGAATGGATAGGAG,0.629779,0.362093,0.435834408,0.332076888,0.318366247,0.362092514
DBP-RBS-3926BD,GAAAATGGAGGAGAA,0.698628,0.351159,0.338430073,0.345062405,0.369983366,0.351158615
DBP-RBS-DC9F17,AGGAGAAAGGAGAGT,0.637071,0.348427,0.358660868,0.345683011,0.340936835,0.348426905
DBP-RBS-EEF40E,CGAATGTGGGGGGAT,0.621797,0.344946,0.357940677,0.3301638,0.346734944,0.344946474
DBP-RBS-83EAD8,CTACTGGCTGAGGAT,0.651091,0.343015,0.342505353,0.342578153,0.343960646,0.343014717
DBP-RBS-B414C3,AGTCCGCGAGAGGAG,0.352646,0.342841,0.344925014,0.340322558,0.343274225,0.342840599
DBP-RBS-4AE8DE,TTGGATCGTGCGGAG,0.4663,0.338363,0.325507909,0.354597552,0.334982919,0.338362793
DBP-RBS-DBC5B5,CCGGTAGGAGGAGAG,0.478411,0.338252,0.375835154,0.335717194,0.303204347,0.338252232
DBP-RBS-301AA5,GATCCTGGAGGAGAA,0.438249,0.335731,0.358197204,0.316123093,0.332872011,0.33573077
DBP-RBS-DFD8A0,AGCGGGTAAGGAGAA,0.335717,0.334052,0.341639893,0.348208099,0.312307226,0.334051739
DBP-RBS-E0E520,ATGACGTCGCTGGAG,0.356033,0.312998,0.343187388,0.327315765,0.268489668,0.312997607
DBP-RBS-4CF7B3,ATAGACCAAGGAGGT,0.65949,0.307461,0.335682134,0.304878774,0.281821399,0.307460769
DBP-RBS-0335BD,CCTATGGCAGAGGAG,0.440366,0.300577,0.304373013,0.299150281,0.298208874,0.300577389
DBP-RBS-72CBF4,GTATGGCGAGAGGAG,0.152079,0.294689,0.296104364,0.290863606,0.297099123,0.294689031
DBP-RBS-C3FB0B,GGTCGAAAAGGAGAT,0.423473,0.293336,0.293167133,0.284239479,0.302602293,0.293336301
DBP-RBS-04EA3D,ACAGGAGAAAGATGA,0.498232,0.282692,0.287254673,0.281509088,0.279310985,0.282691582
DBP-RBS-E0C4CC,TTAAGCCAAGGAGAG,0.348749,0.28239,0.274098226,0.283166862,0.289906299,0.282390462
DBP-RBS-EF026C,GTTTCTAAGGAGGTT,0.441824,0.282113,0.276061262,0.27294188,0.297336935,0.282113359
DBP-RBS-9CAB58,TGGATTCCAGGAGAC,0.434958,0.275651,0.268323911,0.273385561,0.285243615,0.275651029
DBP-RBS-E5303D,ATGTAACAGGAGGTT,0.393237,0.274689,0.28289776,0.27092054,0.270249758,0.274689353
DBP-RBS-A16FD4,ATGATACGAGTGGAT,0.604208,0.274608,0.276729605,0.279952393,0.267141724,0.274607907
DBP-RBS-AACB83,TGTGGAGAAGCGGAA,0.425626,0.269203,0.264931939,0.264627239,0.278050808,0.269203329
DBP-RBS-DDFC17,CTGGCCCAGGGGGTG,0.516296,0.255114,0.271351516,0.25343489,0.240556699,0.255114368
DBP-RBS-FFD1C9,CATATCCAAGAGGAG,0.549264,0.242457,0.240099438,0.242319141,0.244951978,0.242456852
DBP-RBS-685207,TGAGCTTTAGAGGAC,0.430239,0.242305,0.241808364,0.222189665,0.26291547,0.2423045
DBP-RBS-1E41E5,GCAAACTAGGAGGTA,0.492197,0.239516,0.242954362,0.235822201,0.239771493,0.239516019
DBP-RBS-0190CC,TGGGGGGAGGAGACA,0.337496,0.238881,0.249428369,0.23262027,0.234592887,0.238880509
DBP-RBS-CCE9D3,CTGGTGAGAGAAGGA,0.550392,0.23567,0.241797477,0.231101028,0.234111497,0.23567
DBP-RBS-A04459,CGGCCCCAAGAGGAG,0.284348,0.232748,0.229883431,0.235591697,0.232767943,0.23274769
DBP-RBS-BC56B1,CCCGCTACGGAGGAG,0.651316,0.232351,0.232244077,0.230003738,0.234806413,0.232351409
DBP-RBS-964F13,CATTGCAAATAGGAA,0.616489,0.222309,0.226626719,0.220020806,0.220280478,0.222309334
DBP-RBS-7BAF0A,AGAAGGAAGAGAAGA,0.482799,0.217913,0.226580774,0.212596655,0.214562769,0.217913399
DBP-RBS-3FF515,TATGGAGGTGAAGAG,0.294189,0.207561,0.199413304,0.205332678,0.217936527,0.207560837
DBP-RBS-BDFD6E,CTTTCCAAAGAGGAC,0.494793,0.198966,0.20145602,0.188147507,0.207293976,0.198965834
DBP-RBS-D6834D,GTAGGACTAGAGGAT,0.238752,0.196228,0.193385555,0.197020911,0.198277064,0.196227843
DBP-RBS-A1913B,TGGGGAAGAGAGGAG,0.426498,0.195758,0.193875793,0.197012758,0.196386037,0.195758196
DBP-RBS-911690,TGGTGGAGGAGAAGT,0.605986,0.193501,0.18376014,0.188907626,0.20783622,0.193501329
DBP-RBS-1C654A,TGGGGGAGGAAGATT,0.354225,0.192161,0.189013274,0.192543953,0.194926164,0.19216113
DBP-RBS-10EC26,CTTTTACAGGAGGCT,0.270605,0.190531,0.198031955,0.190094001,0.183465565,0.190530507
DBP-RBS-A7E8B0,AGGAGAGGAAAAGAA,0.522778,0.185221,0.182407968,0.189946153,0.183310168,0.18522143
DBP-RBS-062A29,CCAGTAGAGGAGGAC,0.493483,0.184062,0.182454415,0.181844434,0.187885684,0.184061511
DBP-RBS-6D8E61,TGGGGAGGAGGAAGG,0.395498,0.181638,0.179689541,0.181971206,0.183254077,0.181638275
DBP-RBS-A501CA,GACCACTCAGGAGAA,0.268732,0.177852,0.179891051,0.159173869,0.19449079,0.177851903
DBP-RBS-760B0B,CGGCGTCCAGGAGAG,0.375426,0.168706,0.164111882,0.163902896,0.17810265,0.168705809
DBP-RBS-C0361D,CGCGGGGTAGAGGAG,0.197653,0.167805,0.158406534,0.174730488,0.170279347,0.167805456
DBP-RBS-4ECA87,TGGGGGAGAAGAAGT,0.300447,0.166614,0.164664659,0.166610305,0.168567323,0.166614095
DBP-RBS-2B995F,TTGGGTGGAGAGGAT,0.216061,0.163365,0.171386947,0.159323056,0.15938496,0.163364988
DBP-RBS-4CF63E,GTACTATAAGGGGAG,0.54796,0.162657,0.167907468,0.160532119,0.159531475,0.162657021
DBP-RBS-9CA7C7,GTCTAATTTTGGGAG,0.313367,0.156972,0.15783691,0.160074702,0.15300337,0.156971661
DBP-RBS-F7B64E,TCCAACGCAGAGGAA,0.192779,0.150233,0.142321078,0.161407051,0.146971681,0.15023327
DBP-RBS-2CB957,GCCATTAAAGGAGAA,0.36202,0.149304,0.14529608,0.146813243,0.155802878,0.149304067
DBP-RBS-7B5F1A,GTAGGTTGAGAGGAC,0.290468,0.147599,0.142214673,0.141138682,0.159444087,0.147599148
DBP-RBS-C2AB44,ACCGAGGTAGAGGAG,0.242209,0.14542,0.144706274,0.162404929,0.129149481,0.145420228
DBP-RBS-342455,TAAAGTGCGGAGGCT,0.435576,0.14012,0.139034847,0.139633802,0.141690023,0.140119557
DBP-RBS-0BD8E1,GGTTTAGAGGTAGAG,0.430021,0.139973,0.138876775,0.141468154,0.139572711,0.139972547
DBP-RBS-1BA418,CATCTCTAGGAGGCT,0.230212,0.136057,0.134754844,0.134175479,0.139241273,0.136057198
DBP-RBS-494466,GTATATTTAGAGGAC,0.230004,0.130264,0.132373689,0.134072366,0.124347096,0.130264384
DBP-RBS-2B3168,CCCCAATAGGAGGAG,0.483533,0.127229,0.128252053,0.127307696,0.126126088,0.127228612
DBP-RBS-8CB32D,CAGATTAAGGAGGCG,0.497879,0.125252,0.122952181,0.122449309,0.130353234,0.125251575
DBP-RBS-FED201,TGCTACGGTGGGGAT,0.502648,0.122965,0.121409705,0.118930317,0.128553538,0.12296452
DBP-RBS-8A3EA9,ACAGGAAGGGGGAGA,0.568287,0.122805,0.128924498,0.119046639,0.120444742,0.122805293
DBP-RBS-2F4D70,GAGTTTAGTGAGGAC,0.462787,0.121379,0.117684659,0.132608042,0.113845306,0.121379336
DBP-RBS-9C9D6A,GTAAGATCAGGAGAT,0.403663,0.121137,0.117794147,0.11816016,0.127456034,0.121136781
DBP-RBS-71205E,GTAGCTCTGGGGGAG,0.445455,0.117948,0.119992593,0.118010089,0.115842025,0.117948235
DBP-RBS-1C6775,ACCTTTCCCGAGGAG,0.566809,0.106992,0.108828982,0.112540146,0.099606767,0.106991965
DBP-RBS-15EA79,GTGTTTTAATGGGAG,0.567302,0.104348,0.101571187,0.10534317,0.106129593,0.104347983
DBP-RBS-19EAFF,GCTAAACAGGAGGTA,0.185051,0.103779,0.095835157,0.113417573,0.102084601,0.10377911
DBP-RBS-D95CBD,TCCATTTAAGAGGAA,0.385209,0.101114,0.099127072,0.10324459,0.100969176,0.101113613
DBP-RBS-B5C81B,ACCTTGGACCAGGAT,0.720605,0.010875,0.0101125999563814,0.0103787676787937,0.0121326865038611,0.0108746847130121
DBP-RBS-9EEC99,TCAGATTGATAGGAG,0.827481,0.895121,0.867657795318211,0.913986522512177,0.903717402496021,0.895120573442136
DBP-RBS-E6C1F2,TGAAAATTAGAGGAG,1.034862,1.000028,1.03879603898952,1.01501381649983,0.946272853814583,1.00002756976798
DBP-RBS-51CE9B,ATTGAGAAGGGGAGG,0.599894,1.108981,1.15797782021841,1.08938414562392,1.07958076332172,1.10898090972135
DBP-RBS-311A82,AGAATCGAGGAGGAG,0.877608,1.490825,1.56800875401252,1.58824965940793,1.3162154568912,1.49082462343722
DBP-RBS-3E593E,CGGACCGCAGAGGAA,0.186322,0.072084,0.073699286,0.072787737,0.069764505,0.072083843
DBP-RBS-A76D7D,CCGCATGAGGAGGTC,0.300015,0.097628,-0.001087323,-0.000062940,0.294035209,0.097628315
DBP-RBS-93D9AD,TTGGGGGAGAACAGT,0.303731,0.099656,0.100671127,0.097337065,0.100960949,0.099656381
DBP-RBS-AE1413,AGCTGTAGAGAGGAG,0.261570,0.057083,0.071392598,0.050483869,0.049371816,0.057082761
DBP-RBS-DC0108,ATTTCTGTAACGGAG,0.287972,0.082620,0.085947027,0.080884292,0.081027591,0.082619637
DBP-RBS-E3BEC2,TGGGGGAGATGAGTG,0.309903,0.092068,0.093173706,0.091778942,0.091252423,0.092068357
DBP-RBS-731091,CCGTTAACAGAGGAC,0.282998,0.047706,0.048546084,0.050798828,0.043774235,0.047706383
DBP-RBS-F609FB,GTCGGGTTGTAGGAG,0.326649,0.088792,0.093252066,0.086758385,0.086365269,0.088791906
DBP-RBS-F6ADEA,TCGCGTTTAGAGGAA,0.259329,0.008218,0.008818260,0.009022149,0.006814635,0.008218348
DBP-RBS-C622BE,GTATTTCTAGAGGAA,0.303627,0.047647,0.048631762,0.048951181,0.045356823,0.047646588
DBP-RBS-326440,GAGGGCGACGAAGAG,0.290607,0.027148,0.026331308,0.025328881,0.029783302,0.027147830
DBP-RBS-401420,TGGCTTGTAGAGGAG,0.277218,0.008152,0.009304580,0.008401325,0.006750311,0.008152072
DBP-RBS-35862D,GTTATCGAAGAAGTA,0.274163,0.004561,0.004865233,0.004523187,0.004294934,0.004561118
DBP-RBS-7B5AC4,GTTGGCGTAGAGGAG,0.343584,0.055615,0.057943088,0.055954902,0.052948345,0.055615445
DBP-RBS-47AFB4,GCACATAGGGAGGAT,0.349002,0.055676,0.055888381,0.056253086,0.054886044,0.055675837
DBP-RBS-0C8553,GAGCTGTCGAGGGAG,0.348008,0.049323,0.050701227,0.048756812,0.048510589,0.049322876
DBP-RBS-3B317A,CAACCACTAGAGGCG,0.350221,0.045430,0.048953635,0.042669043,0.044667855,0.045430178
DBP-RBS-68307B,CGGACGTGAGAAGAT,0.354609,0.049690,0.048678537,0.050523490,0.049869021,0.049690349
DBP-RBS-9ED749,AACCTTTAGGAGGTA,0.351827,0.046545,0.044819379,0.046044446,0.048771649,0.046545158
DBP-RBS-C5414A,ACTTATCTTCCGGAG,0.352732,0.027914,0.027794972,0.027371288,0.028575696,0.027913986
DBP-RBS-401FF1,GGAAGTGCAGAGGAC,0.386546,0.059719,0.062772608,0.056951473,0.059433110,0.059719064
DBP-RBS-D691BD,GTGGACTAGGAGGAG,0.393043,0.059210,0.056902439,0.058804224,0.061922444,0.059209702
DBP-RBS-D54DC7,GGTATGTGAGAGGCA,0.356490,0.017478,0.020566959,0.015655558,0.016210743,0.017477753
DBP-RBS-C3E9EB,TCTAAACAAGAAGAG,0.399370,0.059400,0.061125067,0.058777831,0.058296765,0.059399887
DBP-RBS-1DDCED,CTGTGGATAGGGGAC,0.358942,0.014042,0.013082269,0.016703596,0.012338732,0.014041533
DBP-RBS-8F3A31,GGCCTTTAAGGGGAG,0.372623,0.025504,0.024698688,0.027700503,0.024112414,0.025503868
DBP-RBS-99DC1C,ATGAGGCTGGAAGAC,0.354465,0.002515,0.003229252,-0.000539008,0.004855027,0.002515090
DBP-RBS-0CDEEE,GTTTTGTGGGAAGAG,0.385450,0.028315,0.028230912,0.026442453,0.030271131,0.028314832
DBP-RBS-9D583D,GGCCAATCACAGGAT,0.395642,0.033368,0.031986932,0.033663085,0.034453650,0.033367889
DBP-RBS-B2437E,ACAGCCTAGGAAGAC,0.448858,0.082195,0.082272179,0.075826053,0.088486343,0.082194859
DBP-RBS-0CCEDC,GCTATGCAAGAGGAC,0.422166,0.053905,0.054837102,0.054785461,0.052093505,0.053905356
DBP-RBS-77CC4D,GAGGGCTTGTTGGAA,0.391463,0.005504,0.004292423,0.006404581,0.005814630,0.005503878
DBP-RBS-E89C3B,GTAATACCAGAGGCC,0.389604,0.001374,0.001361076,0.001912255,0.000849288,0.001374206
DBP-RBS-2502D9,GTGATGGAATAGGAC,0.398401,0.009629,0.011351641,0.009388457,0.008147068,0.009629055
DBP-RBS-E4C937,TGGATGAACTCAGAG,0.399646,0.009492,0.010148314,0.008898808,0.009430330,0.009492484
DBP-RBS-E05110,TGCTCGCTACGAGAT,0.393601,0.001345,0.001685111,0.001968855,0.000380509,0.001344825
DBP-RBS-2D2305,TCTCAGGAACGGGTG,0.415746,0.017479,0.016126966,0.016700327,0.019610553,0.017479282
DBP-RBS-009F73,TTCTTTTAAGTGGAA,0.411816,0.005996,0.004834585,0.005531214,0.007622323,0.005996041
