sequence,predicted_activity,activity_quantile,accepted_round
TTGGAATAAAGGGAG,0.026532620191574097,0.00513939735285835,19
TGTTATTAAGGAGAA,0.07751959562301636,0.015746738008072844,1
TGGCGGCCAGGAGAG,0.10242769122123718,0.025790857035576834,9
ATTTCATAGGAGGCT,0.12312063574790955,0.03630432741950624,18
TATGGCCGAGAGGAA,0.13762521743774414,0.045785224819299725,20
TTGTATGCATGGAGT,0.15194228291511536,0.055829343846803714,6
GTTTTTCAGGAGGGT,0.16499733924865723,0.06549798178916737,17
AAAAAGACAAGAGGT,0.17751720547676086,0.07526049000281611,19
GATTTATTTCTGGAG,0.18768200278282166,0.08553928470853281,20
CAGCTGTGGTGGAGT,0.19789302349090576,0.0955834037360368,17
TCTGCCACCTGGAGT,0.20863044261932373,0.10651929034074908,16
GAGCCTGGAGGAGAG,0.21750986576080322,0.11773678775931662,17
GTCGGTGTAGGAGAC,0.22618937492370605,0.12871960949967146,17
TGTTGGCAGTGGAGT,0.23441243171691895,0.14021871773209424,12
ATTATATTCGTGGAG,0.24234223365783691,0.151107669201164,16
TGTGGTTCGTGGAGT,0.24993228912353516,0.16255984229794423,16
GTGCTACGAGAGGAA,0.25800222158432007,0.1727917018680184,20
CCGGGTGACTGGAGT,0.26497262716293335,0.18302356143809256,7
TTGTGTGTTCTGGAG,0.27069687843322754,0.19283300478738383,1
ATTCCAGTCTGGAGT,0.2767059803009033,0.20245470759410494,1
TAATAGCCTGCGGAG,0.2826736569404602,0.21249882662160893,13
GTTGTGGTGTTGGAG,0.2883245348930359,0.2220735942926875,15
AAAGGGCTAGGAGAG,0.2939615845680237,0.2317891673706937,19
TGTCCTACCTGGAGT,0.3000272512435913,0.24155167558434243,1
TTGACTTGGTGGAGT,0.30642783641815186,0.25197127569698674,18
GTGAGGTTTTGGAGT,0.31173384189605713,0.2620623298601333,11
AATCTAAAGGAGGTT,0.3169468641281128,0.27238805970149255,18
GGATGCCCATGGAGT,0.32266026735305786,0.28332394630620483,18
ATTTCTTTAGAGGAC,0.32817888259887695,0.29388435182577677,15
GCAAAGAGCGGAGTA,0.3336647152900696,0.30482023843048905,17
GATCTTGAGGAGGGC,0.3397976756095886,0.31535717638223976,20
TCGGGTCCTTTGGAG,0.3455575108528137,0.32622266028348823,17
TTCAACTCGTGGAGT,0.3512585163116455,0.33673613066741764,11
TGAAATCAGAGGGAG,0.35707348585128784,0.34762508213648735,5
GCACGCGGAGGAGAG,0.36216533184051514,0.35766920116399137,3
ACTTCGTGAGCGGAG,0.3666386604309082,0.3670092931568572,10
TCTTGATGGGGGGAG,0.370827317237854,0.3761147094715104,13
CCGGATGGAGGAGAG,0.3757878541946411,0.38526706092180607,8
GTTTACTAGGCGGAG,0.38103967905044556,0.39493569886416974,19
GGCCTATGAGGAGAT,0.38554662466049194,0.4044165962639632,13
AAAGAGCAGGAGGCA,0.3904978632926941,0.41389749366375667,1
GATCATATAGAGGAT,0.3953515291213989,0.42309678024969494,14
TTGGGATGGGCGGAG,0.4007267355918884,0.4324838073782033,11
GGCTTAGAGGAGGAG,0.4050145149230957,0.4417300290997841,1
CGGATCCTTTAGGAG,0.41010135412216187,0.4515864075847179,11
CCGGGGTCACCGGAG,0.4151075482368469,0.4606918238993711,6
TTGAATGCGTGGAGT,0.42026442289352417,0.4704543321130198,17
TTTATTCAAGGAGAC,0.42529112100601196,0.480169905191026,18
AGATCTCTATTGGAG,0.4307522177696228,0.4897916079977471,15
TGTGTGTAGGAGGGC,0.4368970990180969,0.5000234675678212,2
TCTGCAGTAGGAGAC,0.44229161739349365,0.5103961325448231,4
TCGCGACATTCGGAG,0.4480891823768616,0.5213320191495353,2
GGGCTTCAATGGAGT,0.45387542247772217,0.5326903219750305,17
CTTTGCCTCGTGGAG,0.45966821908950806,0.5435323383084577,12
GTTTGTGCAGAGGAT,0.4657334089279175,0.5542335492349573,1
ACCAAAAGAGGGGAG,0.47181451320648193,0.5647939547545292,7
ATTTTGGAGTGGAGT,0.47792816162109375,0.5758237116305266,15
TCATACTGTTGGAGT,0.4846724271774292,0.5871820144560218,1
CCGAGCTTTGCGGAG,0.49080443382263184,0.5978362902468788,19
TTTTACCATTGGAGT,0.49710291624069214,0.6083966957664507,13
CTTGTGGGAGGAGAT,0.5037592053413391,0.6186285553365249,20
CTTAAACAGGAGGTT,0.5097653269767761,0.6286257392283864,20
CCTGTCTTCACGGAG,0.5164984464645386,0.6392330798836009,1
CCGTGGCAGGAGGGA,0.5230357050895691,0.6493241340467474,18
TTTTTTAAATCGGAG,0.5285518765449524,0.6590866422603961,3
CGCTATGAGGAGGGA,0.5355430245399475,0.6689899558809725,1
CCTGGGCAGGAGGGG,0.5430014729499817,0.6798789073500422,7
ATAGCCGGAGAGGAC,0.5501849055290222,0.6902046371914015,17
TCAAAGAACCGACGG,0.5572783350944519,0.7003426264901905,20
TGAGTCAGAGAGGAG,0.5662077069282532,0.7108091617384774,18
TTTGCTGAAGGAGAA,0.5734418034553528,0.7212756969867643,9
TGTATCTAGGAGGAC,0.5807058811187744,0.7313667511499108,10
CCCGAACTTTGGAGT,0.5881867408752441,0.741598610719985,1
GCCGGGCAGGAGGTA,0.5966417789459229,0.7515957946118464,19
TATCAGCTTGAGGAG,0.604244589805603,0.7608889514690698,20
GATAAAAGAGAGGAG,0.6122333407402039,0.7709800056322162,1
GCGCACCGCTGGAGT,0.6209962368011475,0.7805547733032948,6
TAATGTTGAGAGGAA,0.6302681565284729,0.7905519571951563,11
TACAACTCAGGAGAT,0.6405749320983887,0.8009715573078007,11
CCCTCCGCGTGGAGT,0.6502082347869873,0.8112503520135174,16
ATTGATTTAGAGGAT,0.6609933972358704,0.8212944710410213,6
TTGTTGAAAGAGGAT,0.6716336607933044,0.8313855252041679,1
CTCTCCGAGGTGGAG,0.683044970035553,0.841101098282174,18
CACAATAGTTAGGAG,0.6945911645889282,0.8509105416314653,12
AAACCAATAGGGGAG,0.7057012319564819,0.8603914390312588,12
TTGTGTTGAGGAGAG,0.7173336744308472,0.8698254012954098,18
TCCTCGAAGGAGGTA,0.7281661033630371,0.879024687881348,14
CAATCGGCAGAGGAG,0.7403388023376465,0.888552520416784,18
ATAAAAAAAGAGGAG,0.7523500919342041,0.8975640664601521,13
TCAACTAAAGAGGAC,0.7661372423171997,0.9067633530460903,15
TTAACATAGAAGGAG,0.7797890901565552,0.9154463531399606,5
TTTAACGAGTGGAGT,0.7949824333190918,0.9233314559279077,20
TTAAAGACTAGATAA,0.8104159832000732,0.9318267154792077,9
TTATATCAAGAGGAA,0.8273674249649048,0.9397587534027974,11
TTTGAAAAGGAGGAG,0.8481926918029785,0.9484182859288464,12
CAGTGTATAGGAGAT,0.8695372343063354,0.9567962076410401,16
TGAATACTAGGAGAG,0.8984298706054688,0.9656669482774806,19
CTCATAAGAGGAGAT,0.9370065927505493,0.9751947808129166,14
TTTTGGATAGGAGAG,0.9925159215927124,0.9851450295691354,12
ATATTGGTAGGAGAA,1.0881036520004272,0.9952830188679245,19
